{"cameraMode":{"drawMode":0,"name":"Shaded","section":"Shading Mode"},"sceneLighting":true,"audioPlay":false,"sceneViewState":{"m_AlwaysRefresh":false,"showFog":true,"showSkybox":true,"showFlares":true,"showImageEffects":true,"showParticleSystems":true,"showVisualEffectGraphs":true,"m_FxEnabled":false},"in2DMode":false,"pivot":{"x":37.647361755371097,"y":13.588523864746094,"z":44.742347717285159},"rotation":{"x":-0.23928327858448029,"y":0.33840540051460268,"z":-0.08941195905208588,"w":-0.9056472778320313},"size":134.4066619873047,"orthographic":true}