{"cameraMode":{"drawMode":0,"name":"Shaded","section":"Shading Mode"},"sceneLighting":true,"audioPlay":false,"sceneViewState":{"m_AlwaysRefresh":false,"showFog":true,"showSkybox":true,"showFlares":true,"showImageEffects":true,"showParticleSystems":true,"showVisualEffectGraphs":true,"m_FxEnabled":false},"in2DMode":false,"pivot":{"x":150.876708984375,"y":195.47923278808595,"z":-9.480377197265625},"rotation":{"x":-0.30724993348121645,"y":0.0034138476476073267,"z":-0.0011355953756719828,"w":-0.9516085982322693},"size":0.8660253882408142,"orthographic":true}